[{"name":"api_constants","qualifiedName":"api_constants","href":"config_api_constants/config_api_constants-library.html","type":"library","overriddenDepth":0,"packageName":"pairings"},{"name":"ApiConstants","qualifiedName":"api_constants.ApiConstants","href":"config_api_constants/ApiConstants-class.html","type":"class","overriddenDepth":0,"packageName":"pairings","enclosedBy":{"name":"api_constants","type":"library"}},{"name":"API_KEY","qualifiedName":"api_constants.ApiConstants.API_KEY","href":"config_api_constants/ApiConstants/API_KEY-constant.html","type":"constant","overriddenDepth":0,"packageName":"pairings","enclosedBy":{"name":"ApiConstants","type":"class"}},{"name":"ApiConstants","qualifiedName":"api_constants.ApiConstants.ApiConstants","href":"config_api_constants/ApiConstants/ApiConstants.html","type":"constructor","overriddenDepth":0,"packageName":"pairings","enclosedBy":{"name":"ApiConstants","type":"class"}},{"name":"BASE_URL","qualifiedName":"api_constants.ApiConstants.BASE_URL","href":"config_api_constants/ApiConstants/BASE_URL-constant.html","type":"constant","overriddenDepth":0,"packageName":"pairings","enclosedBy":{"name":"ApiConstants","type":"class"}},{"name":"change_password","qualifiedName":"change_password","href":"views_change_password/views_change_password-library.html","type":"library","overriddenDepth":0,"packageName":"pairings"},{"name":"ChangePasswordScreen","qualifiedName":"change_password.ChangePasswordScreen","href":"views_change_password/ChangePasswordScreen-class.html","type":"class","overriddenDepth":0,"packageName":"pairings","enclosedBy":{"name":"change_password","type":"library"}},{"name":"ChangePasswordScreen","qualifiedName":"change_password.ChangePasswordScreen.ChangePasswordScreen","href":"views_change_password/ChangePasswordScreen/ChangePasswordScreen.html","type":"constructor","overriddenDepth":0,"packageName":"pairings","enclosedBy":{"name":"ChangePasswordScreen","type":"class"}},{"name":"createState","qualifiedName":"change_password.ChangePasswordScreen.createState","href":"views_change_password/ChangePasswordScreen/createState.html","type":"method","overriddenDepth":1,"packageName":"pairings","enclosedBy":{"name":"ChangePasswordScreen","type":"class"}},{"name":"change_password_controller","qualifiedName":"change_password_controller","href":"controllers_change_password_controller/controllers_change_password_controller-library.html","type":"library","overriddenDepth":0,"packageName":"pairings"},{"name":"changePasswordController","qualifiedName":"change_password_controller.changePasswordController","href":"controllers_change_password_controller/changePasswordController.html","type":"function","overriddenDepth":0,"packageName":"pairings","enclosedBy":{"name":"change_password_controller","type":"library"}},{"name":"db_connector","qualifiedName":"db_connector","href":"services_db_connector/services_db_connector-library.html","type":"library","overriddenDepth":0,"packageName":"pairings"},{"name":"DBconnect","qualifiedName":"db_connector.DBconnect","href":"services_db_connector/DBconnect-class.html","type":"class","overriddenDepth":0,"packageName":"pairings","enclosedBy":{"name":"db_connector","type":"library"}},{"name":"DBconnect","qualifiedName":"db_connector.DBconnect.DBconnect","href":"services_db_connector/DBconnect/DBconnect.html","type":"constructor","overriddenDepth":0,"packageName":"pairings","enclosedBy":{"name":"DBconnect","type":"class"}},{"name":"authenticate","qualifiedName":"db_connector.DBconnect.authenticate","href":"services_db_connector/DBconnect/authenticate.html","type":"method","overriddenDepth":0,"packageName":"pairings","enclosedBy":{"name":"DBconnect","type":"class"}},{"name":"checkEmail","qualifiedName":"db_connector.DBconnect.checkEmail","href":"services_db_connector/DBconnect/checkEmail.html","type":"method","overriddenDepth":0,"packageName":"pairings","enclosedBy":{"name":"DBconnect","type":"class"}},{"name":"createAccount","qualifiedName":"db_connector.DBconnect.createAccount","href":"services_db_connector/DBconnect/createAccount.html","type":"method","overriddenDepth":0,"packageName":"pairings","enclosedBy":{"name":"DBconnect","type":"class"}},{"name":"createFav","qualifiedName":"db_connector.DBconnect.createFav","href":"services_db_connector/DBconnect/createFav.html","type":"method","overriddenDepth":0,"packageName":"pairings","enclosedBy":{"name":"DBconnect","type":"class"}},{"name":"delete","qualifiedName":"db_connector.DBconnect.delete","href":"services_db_connector/DBconnect/delete.html","type":"method","overriddenDepth":0,"packageName":"pairings","enclosedBy":{"name":"DBconnect","type":"class"}},{"name":"deleteFav","qualifiedName":"db_connector.DBconnect.deleteFav","href":"services_db_connector/DBconnect/deleteFav.html","type":"method","overriddenDepth":0,"packageName":"pairings","enclosedBy":{"name":"DBconnect","type":"class"}},{"name":"getFav","qualifiedName":"db_connector.DBconnect.getFav","href":"services_db_connector/DBconnect/getFav.html","type":"method","overriddenDepth":0,"packageName":"pairings","enclosedBy":{"name":"DBconnect","type":"class"}},{"name":"read","qualifiedName":"db_connector.DBconnect.read","href":"services_db_connector/DBconnect/read.html","type":"method","overriddenDepth":0,"packageName":"pairings","enclosedBy":{"name":"DBconnect","type":"class"}},{"name":"updateAccount","qualifiedName":"db_connector.DBconnect.updateAccount","href":"services_db_connector/DBconnect/updateAccount.html","type":"method","overriddenDepth":0,"packageName":"pairings","enclosedBy":{"name":"DBconnect","type":"class"}},{"name":"dish_pairing_model","qualifiedName":"dish_pairing_model","href":"models_dish_pairing_model/models_dish_pairing_model-library.html","type":"library","overriddenDepth":0,"packageName":"pairings"},{"name":"DishPairingModel","qualifiedName":"dish_pairing_model.DishPairingModel","href":"models_dish_pairing_model/DishPairingModel-class.html","type":"class","overriddenDepth":0,"packageName":"pairings","enclosedBy":{"name":"dish_pairing_model","type":"library"}},{"name":"DishPairingModel","qualifiedName":"dish_pairing_model.DishPairingModel.DishPairingModel","href":"models_dish_pairing_model/DishPairingModel/DishPairingModel.html","type":"constructor","overriddenDepth":0,"packageName":"pairings","enclosedBy":{"name":"DishPairingModel","type":"class"}},{"name":"DishPairingModel.fromJson","qualifiedName":"dish_pairing_model.DishPairingModel.fromJson","href":"models_dish_pairing_model/DishPairingModel/DishPairingModel.fromJson.html","type":"constructor","overriddenDepth":0,"packageName":"pairings","enclosedBy":{"name":"DishPairingModel","type":"class"}},{"name":"pairings","qualifiedName":"dish_pairing_model.DishPairingModel.pairings","href":"models_dish_pairing_model/DishPairingModel/pairings.html","type":"property","overriddenDepth":0,"packageName":"pairings","enclosedBy":{"name":"DishPairingModel","type":"class"}},{"name":"text","qualifiedName":"dish_pairing_model.DishPairingModel.text","href":"models_dish_pairing_model/DishPairingModel/text.html","type":"property","overriddenDepth":0,"packageName":"pairings","enclosedBy":{"name":"DishPairingModel","type":"class"}},{"name":"toJson","qualifiedName":"dish_pairing_model.DishPairingModel.toJson","href":"models_dish_pairing_model/DishPairingModel/toJson.html","type":"method","overriddenDepth":0,"packageName":"pairings","enclosedBy":{"name":"DishPairingModel","type":"class"}},{"name":"dishPairingModelFromJson","qualifiedName":"dish_pairing_model.dishPairingModelFromJson","href":"models_dish_pairing_model/dishPairingModelFromJson.html","type":"function","overriddenDepth":0,"packageName":"pairings","enclosedBy":{"name":"dish_pairing_model","type":"library"}},{"name":"dishPairingModelToJson","qualifiedName":"dish_pairing_model.dishPairingModelToJson","href":"models_dish_pairing_model/dishPairingModelToJson.html","type":"function","overriddenDepth":0,"packageName":"pairings","enclosedBy":{"name":"dish_pairing_model","type":"library"}},{"name":"edit_profile","qualifiedName":"edit_profile","href":"views_edit_profile/views_edit_profile-library.html","type":"library","overriddenDepth":0,"packageName":"pairings"},{"name":"EditProfile","qualifiedName":"edit_profile.EditProfile","href":"views_edit_profile/EditProfile-class.html","type":"class","overriddenDepth":0,"packageName":"pairings","enclosedBy":{"name":"edit_profile","type":"library"}},{"name":"EditProfile","qualifiedName":"edit_profile.EditProfile.EditProfile","href":"views_edit_profile/EditProfile/EditProfile.html","type":"constructor","overriddenDepth":0,"packageName":"pairings","enclosedBy":{"name":"EditProfile","type":"class"}},{"name":"createState","qualifiedName":"edit_profile.EditProfile.createState","href":"views_edit_profile/EditProfile/createState.html","type":"method","overriddenDepth":1,"packageName":"pairings","enclosedBy":{"name":"EditProfile","type":"class"}},{"name":"favorite_controller","qualifiedName":"favorite_controller","href":"controllers_favorite_controller/controllers_favorite_controller-library.html","type":"library","overriddenDepth":0,"packageName":"pairings"},{"name":"FavoriteController","qualifiedName":"favorite_controller.FavoriteController","href":"controllers_favorite_controller/FavoriteController-class.html","type":"class","overriddenDepth":0,"packageName":"pairings","enclosedBy":{"name":"favorite_controller","type":"library"}},{"name":"FavoriteController","qualifiedName":"favorite_controller.FavoriteController.FavoriteController","href":"controllers_favorite_controller/FavoriteController/FavoriteController.html","type":"constructor","overriddenDepth":0,"packageName":"pairings","enclosedBy":{"name":"FavoriteController","type":"class"}},{"name":"createFavorite","qualifiedName":"favorite_controller.FavoriteController.createFavorite","href":"controllers_favorite_controller/FavoriteController/createFavorite.html","type":"method","overriddenDepth":0,"packageName":"pairings","enclosedBy":{"name":"FavoriteController","type":"class"}},{"name":"deleteFavorite","qualifiedName":"favorite_controller.FavoriteController.deleteFavorite","href":"controllers_favorite_controller/FavoriteController/deleteFavorite.html","type":"method","overriddenDepth":0,"packageName":"pairings","enclosedBy":{"name":"FavoriteController","type":"class"}},{"name":"readFavorite","qualifiedName":"favorite_controller.FavoriteController.readFavorite","href":"controllers_favorite_controller/FavoriteController/readFavorite.html","type":"method","overriddenDepth":0,"packageName":"pairings","enclosedBy":{"name":"FavoriteController","type":"class"}},{"name":"favorites","qualifiedName":"favorites","href":"models_favorites/models_favorites-library.html","type":"library","overriddenDepth":0,"packageName":"pairings"},{"name":"Favorite","qualifiedName":"favorites.Favorite","href":"models_favorites/Favorite-class.html","type":"class","overriddenDepth":0,"packageName":"pairings","enclosedBy":{"name":"favorites","type":"library"}},{"name":"Favorite","qualifiedName":"favorites.Favorite.Favorite","href":"models_favorites/Favorite/Favorite.html","type":"constructor","overriddenDepth":0,"packageName":"pairings","enclosedBy":{"name":"Favorite","type":"class"}},{"name":"favoriteToMap","qualifiedName":"favorites.Favorite.favoriteToMap","href":"models_favorites/Favorite/favoriteToMap.html","type":"method","overriddenDepth":0,"packageName":"pairings","enclosedBy":{"name":"Favorite","type":"class"}},{"name":"foodId","qualifiedName":"favorites.Favorite.foodId","href":"models_favorites/Favorite/foodId.html","type":"property","overriddenDepth":0,"packageName":"pairings","enclosedBy":{"name":"Favorite","type":"class"}},{"name":"Favorite.fromJson","qualifiedName":"favorites.Favorite.fromJson","href":"models_favorites/Favorite/Favorite.fromJson.html","type":"constructor","overriddenDepth":0,"packageName":"pairings","enclosedBy":{"name":"Favorite","type":"class"}},{"name":"id","qualifiedName":"favorites.Favorite.id","href":"models_favorites/Favorite/id.html","type":"property","overriddenDepth":0,"packageName":"pairings","enclosedBy":{"name":"Favorite","type":"class"}},{"name":"toJson","qualifiedName":"favorites.Favorite.toJson","href":"models_favorites/Favorite/toJson.html","type":"method","overriddenDepth":0,"packageName":"pairings","enclosedBy":{"name":"Favorite","type":"class"}},{"name":"toString","qualifiedName":"favorites.Favorite.toString","href":"models_favorites/Favorite/toString.html","type":"method","overriddenDepth":1,"packageName":"pairings","enclosedBy":{"name":"Favorite","type":"class"}},{"name":"userId","qualifiedName":"favorites.Favorite.userId","href":"models_favorites/Favorite/userId.html","type":"property","overriddenDepth":0,"packageName":"pairings","enclosedBy":{"name":"Favorite","type":"class"}},{"name":"wineId","qualifiedName":"favorites.Favorite.wineId","href":"models_favorites/Favorite/wineId.html","type":"property","overriddenDepth":0,"packageName":"pairings","enclosedBy":{"name":"Favorite","type":"class"}},{"name":"favoriteFromJson","qualifiedName":"favorites.favoriteFromJson","href":"models_favorites/favoriteFromJson.html","type":"function","overriddenDepth":0,"packageName":"pairings","enclosedBy":{"name":"favorites","type":"library"}},{"name":"favoriteListToMap","qualifiedName":"favorites.favoriteListToMap","href":"models_favorites/favoriteListToMap.html","type":"function","overriddenDepth":0,"packageName":"pairings","enclosedBy":{"name":"favorites","type":"library"}},{"name":"favoriteToJson","qualifiedName":"favorites.favoriteToJson","href":"models_favorites/favoriteToJson.html","type":"function","overriddenDepth":0,"packageName":"pairings","enclosedBy":{"name":"favorites","type":"library"}},{"name":"jsonToMap","qualifiedName":"favorites.jsonToMap","href":"models_favorites/jsonToMap.html","type":"function","overriddenDepth":0,"packageName":"pairings","enclosedBy":{"name":"favorites","type":"library"}},{"name":"food","qualifiedName":"food","href":"models_food/models_food-library.html","type":"library","overriddenDepth":0,"packageName":"pairings"},{"name":"Food","qualifiedName":"food.Food","href":"models_food/Food-class.html","type":"class","overriddenDepth":0,"packageName":"pairings","enclosedBy":{"name":"food","type":"library"}},{"name":"Food","qualifiedName":"food.Food.Food","href":"models_food/Food/Food.html","type":"constructor","overriddenDepth":0,"packageName":"pairings","enclosedBy":{"name":"Food","type":"class"}},{"name":"Food.fromJson","qualifiedName":"food.Food.fromJson","href":"models_food/Food/Food.fromJson.html","type":"constructor","overriddenDepth":0,"packageName":"pairings","enclosedBy":{"name":"Food","type":"class"}},{"name":"id","qualifiedName":"food.Food.id","href":"models_food/Food/id.html","type":"property","overriddenDepth":0,"packageName":"pairings","enclosedBy":{"name":"Food","type":"class"}},{"name":"image","qualifiedName":"food.Food.image","href":"models_food/Food/image.html","type":"property","overriddenDepth":0,"packageName":"pairings","enclosedBy":{"name":"Food","type":"class"}},{"name":"imageType","qualifiedName":"food.Food.imageType","href":"models_food/Food/imageType.html","type":"property","overriddenDepth":0,"packageName":"pairings","enclosedBy":{"name":"Food","type":"class"}},{"name":"title","qualifiedName":"food.Food.title","href":"models_food/Food/title.html","type":"property","overriddenDepth":0,"packageName":"pairings","enclosedBy":{"name":"Food","type":"class"}},{"name":"toJson","qualifiedName":"food.Food.toJson","href":"models_food/Food/toJson.html","type":"method","overriddenDepth":0,"packageName":"pairings","enclosedBy":{"name":"Food","type":"class"}},{"name":"toString","qualifiedName":"food.Food.toString","href":"models_food/Food/toString.html","type":"method","overriddenDepth":1,"packageName":"pairings","enclosedBy":{"name":"Food","type":"class"}},{"name":"food_api_services","qualifiedName":"food_api_services","href":"services_food_api_services/services_food_api_services-library.html","type":"library","overriddenDepth":0,"packageName":"pairings"},{"name":"FoodApiServices","qualifiedName":"food_api_services.FoodApiServices","href":"services_food_api_services/FoodApiServices-class.html","type":"class","overriddenDepth":0,"packageName":"pairings","enclosedBy":{"name":"food_api_services","type":"library"}},{"name":"FoodApiServices","qualifiedName":"food_api_services.FoodApiServices.FoodApiServices","href":"services_food_api_services/FoodApiServices/FoodApiServices.html","type":"constructor","overriddenDepth":0,"packageName":"pairings","enclosedBy":{"name":"FoodApiServices","type":"class"}},{"name":"dio","qualifiedName":"food_api_services.FoodApiServices.dio","href":"services_food_api_services/FoodApiServices/dio.html","type":"property","overriddenDepth":0,"packageName":"pairings","enclosedBy":{"name":"FoodApiServices","type":"class"}},{"name":"getDishPairing","qualifiedName":"food_api_services.FoodApiServices.getDishPairing","href":"services_food_api_services/FoodApiServices/getDishPairing.html","type":"method","overriddenDepth":0,"packageName":"pairings","enclosedBy":{"name":"FoodApiServices","type":"class"}},{"name":"searchFood","qualifiedName":"food_api_services.FoodApiServices.searchFood","href":"services_food_api_services/FoodApiServices/searchFood.html","type":"method","overriddenDepth":0,"packageName":"pairings","enclosedBy":{"name":"FoodApiServices","type":"class"}},{"name":"searchRecipe","qualifiedName":"food_api_services.FoodApiServices.searchRecipe","href":"services_food_api_services/FoodApiServices/searchRecipe.html","type":"method","overriddenDepth":0,"packageName":"pairings","enclosedBy":{"name":"FoodApiServices","type":"class"}},{"name":"food_search_model","qualifiedName":"food_search_model","href":"models_food_search_model/models_food_search_model-library.html","type":"library","overriddenDepth":0,"packageName":"pairings"},{"name":"EnumValues","qualifiedName":"food_search_model.EnumValues","href":"models_food_search_model/EnumValues-class.html","type":"class","overriddenDepth":0,"packageName":"pairings","enclosedBy":{"name":"food_search_model","type":"library"}},{"name":"EnumValues","qualifiedName":"food_search_model.EnumValues.EnumValues","href":"models_food_search_model/EnumValues/EnumValues.html","type":"constructor","overriddenDepth":0,"packageName":"pairings","enclosedBy":{"name":"EnumValues","type":"class"}},{"name":"map","qualifiedName":"food_search_model.EnumValues.map","href":"models_food_search_model/EnumValues/map.html","type":"property","overriddenDepth":0,"packageName":"pairings","enclosedBy":{"name":"EnumValues","type":"class"}},{"name":"reverse","qualifiedName":"food_search_model.EnumValues.reverse","href":"models_food_search_model/EnumValues/reverse.html","type":"property","overriddenDepth":0,"packageName":"pairings","enclosedBy":{"name":"EnumValues","type":"class"}},{"name":"reverseMap","qualifiedName":"food_search_model.EnumValues.reverseMap","href":"models_food_search_model/EnumValues/reverseMap.html","type":"property","overriddenDepth":0,"packageName":"pairings","enclosedBy":{"name":"EnumValues","type":"class"}},{"name":"FilterMapping","qualifiedName":"food_search_model.FilterMapping","href":"models_food_search_model/FilterMapping-class.html","type":"class","overriddenDepth":0,"packageName":"pairings","enclosedBy":{"name":"food_search_model","type":"library"}},{"name":"FilterMapping","qualifiedName":"food_search_model.FilterMapping.FilterMapping","href":"models_food_search_model/FilterMapping/FilterMapping.html","type":"constructor","overriddenDepth":0,"packageName":"pairings","enclosedBy":{"name":"FilterMapping","type":"class"}},{"name":"FilterMapping.fromJson","qualifiedName":"food_search_model.FilterMapping.fromJson","href":"models_food_search_model/FilterMapping/FilterMapping.fromJson.html","type":"constructor","overriddenDepth":0,"packageName":"pairings","enclosedBy":{"name":"FilterMapping","type":"class"}},{"name":"toJson","qualifiedName":"food_search_model.FilterMapping.toJson","href":"models_food_search_model/FilterMapping/toJson.html","type":"method","overriddenDepth":0,"packageName":"pairings","enclosedBy":{"name":"FilterMapping","type":"class"}},{"name":"FoodResult","qualifiedName":"food_search_model.FoodResult","href":"models_food_search_model/FoodResult-class.html","type":"class","overriddenDepth":0,"packageName":"pairings","enclosedBy":{"name":"food_search_model","type":"library"}},{"name":"FoodResult","qualifiedName":"food_search_model.FoodResult.FoodResult","href":"models_food_search_model/FoodResult/FoodResult.html","type":"constructor","overriddenDepth":0,"packageName":"pairings","enclosedBy":{"name":"FoodResult","type":"class"}},{"name":"content","qualifiedName":"food_search_model.FoodResult.content","href":"models_food_search_model/FoodResult/content.html","type":"property","overriddenDepth":0,"packageName":"pairings","enclosedBy":{"name":"FoodResult","type":"class"}},{"name":"dataPoints","qualifiedName":"food_search_model.FoodResult.dataPoints","href":"models_food_search_model/FoodResult/dataPoints.html","type":"property","overriddenDepth":0,"packageName":"pairings","enclosedBy":{"name":"FoodResult","type":"class"}},{"name":"FoodResult.fromJson","qualifiedName":"food_search_model.FoodResult.fromJson","href":"models_food_search_model/FoodResult/FoodResult.fromJson.html","type":"constructor","overriddenDepth":0,"packageName":"pairings","enclosedBy":{"name":"FoodResult","type":"class"}},{"name":"id","qualifiedName":"food_search_model.FoodResult.id","href":"models_food_search_model/FoodResult/id.html","type":"property","overriddenDepth":0,"packageName":"pairings","enclosedBy":{"name":"FoodResult","type":"class"}},{"name":"image","qualifiedName":"food_search_model.FoodResult.image","href":"models_food_search_model/FoodResult/image.html","type":"property","overriddenDepth":0,"packageName":"pairings","enclosedBy":{"name":"FoodResult","type":"class"}},{"name":"images","qualifiedName":"food_search_model.FoodResult.images","href":"models_food_search_model/FoodResult/images.html","type":"property","overriddenDepth":0,"packageName":"pairings","enclosedBy":{"name":"FoodResult","type":"class"}},{"name":"link","qualifiedName":"food_search_model.FoodResult.link","href":"models_food_search_model/FoodResult/link.html","type":"property","overriddenDepth":0,"packageName":"pairings","enclosedBy":{"name":"FoodResult","type":"class"}},{"name":"name","qualifiedName":"food_search_model.FoodResult.name","href":"models_food_search_model/FoodResult/name.html","type":"property","overriddenDepth":0,"packageName":"pairings","enclosedBy":{"name":"FoodResult","type":"class"}},{"name":"relevance","qualifiedName":"food_search_model.FoodResult.relevance","href":"models_food_search_model/FoodResult/relevance.html","type":"property","overriddenDepth":0,"packageName":"pairings","enclosedBy":{"name":"FoodResult","type":"class"}},{"name":"toJson","qualifiedName":"food_search_model.FoodResult.toJson","href":"models_food_search_model/FoodResult/toJson.html","type":"method","overriddenDepth":0,"packageName":"pairings","enclosedBy":{"name":"FoodResult","type":"class"}},{"name":"type","qualifiedName":"food_search_model.FoodResult.type","href":"models_food_search_model/FoodResult/type.html","type":"property","overriddenDepth":0,"packageName":"pairings","enclosedBy":{"name":"FoodResult","type":"class"}},{"name":"FoodSearchModel","qualifiedName":"food_search_model.FoodSearchModel","href":"models_food_search_model/FoodSearchModel-class.html","type":"class","overriddenDepth":0,"packageName":"pairings","enclosedBy":{"name":"food_search_model","type":"library"}},{"name":"FoodSearchModel","qualifiedName":"food_search_model.FoodSearchModel.FoodSearchModel","href":"models_food_search_model/FoodSearchModel/FoodSearchModel.html","type":"constructor","overriddenDepth":0,"packageName":"pairings","enclosedBy":{"name":"FoodSearchModel","type":"class"}},{"name":"activeFilterOptions","qualifiedName":"food_search_model.FoodSearchModel.activeFilterOptions","href":"models_food_search_model/FoodSearchModel/activeFilterOptions.html","type":"property","overriddenDepth":0,"packageName":"pairings","enclosedBy":{"name":"FoodSearchModel","type":"class"}},{"name":"expires","qualifiedName":"food_search_model.FoodSearchModel.expires","href":"models_food_search_model/FoodSearchModel/expires.html","type":"property","overriddenDepth":0,"packageName":"pairings","enclosedBy":{"name":"FoodSearchModel","type":"class"}},{"name":"filterMapping","qualifiedName":"food_search_model.FoodSearchModel.filterMapping","href":"models_food_search_model/FoodSearchModel/filterMapping.html","type":"property","overriddenDepth":0,"packageName":"pairings","enclosedBy":{"name":"FoodSearchModel","type":"class"}},{"name":"filterOptions","qualifiedName":"food_search_model.FoodSearchModel.filterOptions","href":"models_food_search_model/FoodSearchModel/filterOptions.html","type":"property","overriddenDepth":0,"packageName":"pairings","enclosedBy":{"name":"FoodSearchModel","type":"class"}},{"name":"FoodSearchModel.fromJson","qualifiedName":"food_search_model.FoodSearchModel.fromJson","href":"models_food_search_model/FoodSearchModel/FoodSearchModel.fromJson.html","type":"constructor","overriddenDepth":0,"packageName":"pairings","enclosedBy":{"name":"FoodSearchModel","type":"class"}},{"name":"limit","qualifiedName":"food_search_model.FoodSearchModel.limit","href":"models_food_search_model/FoodSearchModel/limit.html","type":"property","overriddenDepth":0,"packageName":"pairings","enclosedBy":{"name":"FoodSearchModel","type":"class"}},{"name":"offset","qualifiedName":"food_search_model.FoodSearchModel.offset","href":"models_food_search_model/FoodSearchModel/offset.html","type":"property","overriddenDepth":0,"packageName":"pairings","enclosedBy":{"name":"FoodSearchModel","type":"class"}},{"name":"query","qualifiedName":"food_search_model.FoodSearchModel.query","href":"models_food_search_model/FoodSearchModel/query.html","type":"property","overriddenDepth":0,"packageName":"pairings","enclosedBy":{"name":"FoodSearchModel","type":"class"}},{"name":"searchResults","qualifiedName":"food_search_model.FoodSearchModel.searchResults","href":"models_food_search_model/FoodSearchModel/searchResults.html","type":"property","overriddenDepth":0,"packageName":"pairings","enclosedBy":{"name":"FoodSearchModel","type":"class"}},{"name":"sorting","qualifiedName":"food_search_model.FoodSearchModel.sorting","href":"models_food_search_model/FoodSearchModel/sorting.html","type":"property","overriddenDepth":0,"packageName":"pairings","enclosedBy":{"name":"FoodSearchModel","type":"class"}},{"name":"toJson","qualifiedName":"food_search_model.FoodSearchModel.toJson","href":"models_food_search_model/FoodSearchModel/toJson.html","type":"method","overriddenDepth":0,"packageName":"pairings","enclosedBy":{"name":"FoodSearchModel","type":"class"}},{"name":"totalResults","qualifiedName":"food_search_model.FoodSearchModel.totalResults","href":"models_food_search_model/FoodSearchModel/totalResults.html","type":"property","overriddenDepth":0,"packageName":"pairings","enclosedBy":{"name":"FoodSearchModel","type":"class"}},{"name":"FoodSearchResult","qualifiedName":"food_search_model.FoodSearchResult","href":"models_food_search_model/FoodSearchResult-class.html","type":"class","overriddenDepth":0,"packageName":"pairings","enclosedBy":{"name":"food_search_model","type":"library"}},{"name":"FoodSearchResult","qualifiedName":"food_search_model.FoodSearchResult.FoodSearchResult","href":"models_food_search_model/FoodSearchResult/FoodSearchResult.html","type":"constructor","overriddenDepth":0,"packageName":"pairings","enclosedBy":{"name":"FoodSearchResult","type":"class"}},{"name":"FoodSearchResult.fromJson","qualifiedName":"food_search_model.FoodSearchResult.fromJson","href":"models_food_search_model/FoodSearchResult/FoodSearchResult.fromJson.html","type":"constructor","overriddenDepth":0,"packageName":"pairings","enclosedBy":{"name":"FoodSearchResult","type":"class"}},{"name":"name","qualifiedName":"food_search_model.FoodSearchResult.name","href":"models_food_search_model/FoodSearchResult/name.html","type":"property","overriddenDepth":0,"packageName":"pairings","enclosedBy":{"name":"FoodSearchResult","type":"class"}},{"name":"results","qualifiedName":"food_search_model.FoodSearchResult.results","href":"models_food_search_model/FoodSearchResult/results.html","type":"property","overriddenDepth":0,"packageName":"pairings","enclosedBy":{"name":"FoodSearchResult","type":"class"}},{"name":"toJson","qualifiedName":"food_search_model.FoodSearchResult.toJson","href":"models_food_search_model/FoodSearchResult/toJson.html","type":"method","overriddenDepth":0,"packageName":"pairings","enclosedBy":{"name":"FoodSearchResult","type":"class"}},{"name":"totalResults","qualifiedName":"food_search_model.FoodSearchResult.totalResults","href":"models_food_search_model/FoodSearchResult/totalResults.html","type":"property","overriddenDepth":0,"packageName":"pairings","enclosedBy":{"name":"FoodSearchResult","type":"class"}},{"name":"totalResultsVariants","qualifiedName":"food_search_model.FoodSearchResult.totalResultsVariants","href":"models_food_search_model/FoodSearchResult/totalResultsVariants.html","type":"property","overriddenDepth":0,"packageName":"pairings","enclosedBy":{"name":"FoodSearchResult","type":"class"}},{"name":"type","qualifiedName":"food_search_model.FoodSearchResult.type","href":"models_food_search_model/FoodSearchResult/type.html","type":"property","overriddenDepth":0,"packageName":"pairings","enclosedBy":{"name":"FoodSearchResult","type":"class"}},{"name":"Type","qualifiedName":"food_search_model.Type","href":"models_food_search_model/Type.html","type":"enum","overriddenDepth":0,"packageName":"pairings","enclosedBy":{"name":"food_search_model","type":"library"}},{"name":"foodSearchModelFromJson","qualifiedName":"food_search_model.foodSearchModelFromJson","href":"models_food_search_model/foodSearchModelFromJson.html","type":"function","overriddenDepth":0,"packageName":"pairings","enclosedBy":{"name":"food_search_model","type":"library"}},{"name":"foodSearchModelToJson","qualifiedName":"food_search_model.foodSearchModelToJson","href":"models_food_search_model/foodSearchModelToJson.html","type":"function","overriddenDepth":0,"packageName":"pairings","enclosedBy":{"name":"food_search_model","type":"library"}},{"name":"typeValues","qualifiedName":"food_search_model.typeValues","href":"models_food_search_model/typeValues.html","type":"top-level property","overriddenDepth":0,"packageName":"pairings","enclosedBy":{"name":"food_search_model","type":"library"}},{"name":"forgot_password","qualifiedName":"forgot_password","href":"views_forgot_password/views_forgot_password-library.html","type":"library","overriddenDepth":0,"packageName":"pairings"},{"name":"ForgotPwdScreen","qualifiedName":"forgot_password.ForgotPwdScreen","href":"views_forgot_password/ForgotPwdScreen-class.html","type":"class","overriddenDepth":0,"packageName":"pairings","enclosedBy":{"name":"forgot_password","type":"library"}},{"name":"ForgotPwdScreen","qualifiedName":"forgot_password.ForgotPwdScreen.ForgotPwdScreen","href":"views_forgot_password/ForgotPwdScreen/ForgotPwdScreen.html","type":"constructor","overriddenDepth":0,"packageName":"pairings","enclosedBy":{"name":"ForgotPwdScreen","type":"class"}},{"name":"createState","qualifiedName":"forgot_password.ForgotPwdScreen.createState","href":"views_forgot_password/ForgotPwdScreen/createState.html","type":"method","overriddenDepth":1,"packageName":"pairings","enclosedBy":{"name":"ForgotPwdScreen","type":"class"}},{"name":"help","qualifiedName":"help","href":"views_help/views_help-library.html","type":"library","overriddenDepth":0,"packageName":"pairings"},{"name":"home","qualifiedName":"home","href":"views_home/views_home-library.html","type":"library","overriddenDepth":0,"packageName":"pairings"},{"name":"HomePage","qualifiedName":"home.HomePage","href":"views_home/HomePage-class.html","type":"class","overriddenDepth":0,"packageName":"pairings","enclosedBy":{"name":"home","type":"library"}},{"name":"HomePage","qualifiedName":"home.HomePage.HomePage","href":"views_home/HomePage/HomePage.html","type":"constructor","overriddenDepth":0,"packageName":"pairings","enclosedBy":{"name":"HomePage","type":"class"}},{"name":"createState","qualifiedName":"home.HomePage.createState","href":"views_home/HomePage/createState.html","type":"method","overriddenDepth":1,"packageName":"pairings","enclosedBy":{"name":"HomePage","type":"class"}},{"name":"title","qualifiedName":"home.HomePage.title","href":"views_home/HomePage/title.html","type":"property","overriddenDepth":0,"packageName":"pairings","enclosedBy":{"name":"HomePage","type":"class"}},{"name":"indiv_search","qualifiedName":"indiv_search","href":"views_indiv_search/views_indiv_search-library.html","type":"library","overriddenDepth":0,"packageName":"pairings"},{"name":"IndivSearchPage","qualifiedName":"indiv_search.IndivSearchPage","href":"views_indiv_search/IndivSearchPage-class.html","type":"class","overriddenDepth":0,"packageName":"pairings","enclosedBy":{"name":"indiv_search","type":"library"}},{"name":"IndivSearchPage","qualifiedName":"indiv_search.IndivSearchPage.IndivSearchPage","href":"views_indiv_search/IndivSearchPage/IndivSearchPage.html","type":"constructor","overriddenDepth":0,"packageName":"pairings","enclosedBy":{"name":"IndivSearchPage","type":"class"}},{"name":"createState","qualifiedName":"indiv_search.IndivSearchPage.createState","href":"views_indiv_search/IndivSearchPage/createState.html","type":"method","overriddenDepth":1,"packageName":"pairings","enclosedBy":{"name":"IndivSearchPage","type":"class"}},{"name":"loading","qualifiedName":"loading","href":"views_loading/views_loading-library.html","type":"library","overriddenDepth":0,"packageName":"pairings"},{"name":"Loading","qualifiedName":"loading.Loading","href":"views_loading/Loading-class.html","type":"class","overriddenDepth":0,"packageName":"pairings","enclosedBy":{"name":"loading","type":"library"}},{"name":"Loading","qualifiedName":"loading.Loading.Loading","href":"views_loading/Loading/Loading.html","type":"constructor","overriddenDepth":0,"packageName":"pairings","enclosedBy":{"name":"Loading","type":"class"}},{"name":"createState","qualifiedName":"loading.Loading.createState","href":"views_loading/Loading/createState.html","type":"method","overriddenDepth":1,"packageName":"pairings","enclosedBy":{"name":"Loading","type":"class"}},{"name":"main","qualifiedName":"main","href":"main/main-library.html","type":"library","overriddenDepth":0,"packageName":"pairings"},{"name":"MainPage","qualifiedName":"main.MainPage","href":"main/MainPage-class.html","type":"class","overriddenDepth":0,"packageName":"pairings","enclosedBy":{"name":"main","type":"library"}},{"name":"MainPage","qualifiedName":"main.MainPage.MainPage","href":"main/MainPage/MainPage.html","type":"constructor","overriddenDepth":0,"packageName":"pairings","enclosedBy":{"name":"MainPage","type":"class"}},{"name":"createState","qualifiedName":"main.MainPage.createState","href":"main/MainPage/createState.html","type":"method","overriddenDepth":1,"packageName":"pairings","enclosedBy":{"name":"MainPage","type":"class"}},{"name":"MyApp","qualifiedName":"main.MyApp","href":"main/MyApp-class.html","type":"class","overriddenDepth":0,"packageName":"pairings","enclosedBy":{"name":"main","type":"library"}},{"name":"MyApp","qualifiedName":"main.MyApp.MyApp","href":"main/MyApp/MyApp.html","type":"constructor","overriddenDepth":0,"packageName":"pairings","enclosedBy":{"name":"MyApp","type":"class"}},{"name":"build","qualifiedName":"main.MyApp.build","href":"main/MyApp/build.html","type":"method","overriddenDepth":1,"packageName":"pairings","enclosedBy":{"name":"MyApp","type":"class"}},{"name":"main","qualifiedName":"main.main","href":"main/main.html","type":"function","overriddenDepth":0,"packageName":"pairings","enclosedBy":{"name":"main","type":"library"}},{"name":"pairings.globals","qualifiedName":"pairings.globals","href":"pairings.globals/pairings.globals-library.html","type":"library","overriddenDepth":0,"packageName":"pairings"},{"name":"changePassword","qualifiedName":"pairings.globals.changePassword","href":"pairings.globals/changePassword.html","type":"top-level property","overriddenDepth":0,"packageName":"pairings","enclosedBy":{"name":"pairings.globals","type":"library"}},{"name":"currentUser","qualifiedName":"pairings.globals.currentUser","href":"pairings.globals/currentUser.html","type":"top-level property","overriddenDepth":0,"packageName":"pairings","enclosedBy":{"name":"pairings.globals","type":"library"}},{"name":"isLoggedIn","qualifiedName":"pairings.globals.isLoggedIn","href":"pairings.globals/isLoggedIn.html","type":"top-level property","overriddenDepth":0,"packageName":"pairings","enclosedBy":{"name":"pairings.globals","type":"library"}},{"name":"pairings_search","qualifiedName":"pairings_search","href":"views_pairings_search/views_pairings_search-library.html","type":"library","overriddenDepth":0,"packageName":"pairings"},{"name":"PairingsSearchPage","qualifiedName":"pairings_search.PairingsSearchPage","href":"views_pairings_search/PairingsSearchPage-class.html","type":"class","overriddenDepth":0,"packageName":"pairings","enclosedBy":{"name":"pairings_search","type":"library"}},{"name":"PairingsSearchPage","qualifiedName":"pairings_search.PairingsSearchPage.PairingsSearchPage","href":"views_pairings_search/PairingsSearchPage/PairingsSearchPage.html","type":"constructor","overriddenDepth":0,"packageName":"pairings","enclosedBy":{"name":"PairingsSearchPage","type":"class"}},{"name":"createState","qualifiedName":"pairings_search.PairingsSearchPage.createState","href":"views_pairings_search/PairingsSearchPage/createState.html","type":"method","overriddenDepth":1,"packageName":"pairings","enclosedBy":{"name":"PairingsSearchPage","type":"class"}},{"name":"product_info","qualifiedName":"product_info","href":"views_product_info/views_product_info-library.html","type":"library","overriddenDepth":0,"packageName":"pairings"},{"name":"profile_controller","qualifiedName":"profile_controller","href":"controllers_profile_controller/controllers_profile_controller-library.html","type":"library","overriddenDepth":0,"packageName":"pairings"},{"name":"profileController","qualifiedName":"profile_controller.profileController","href":"controllers_profile_controller/profileController.html","type":"function","overriddenDepth":0,"packageName":"pairings","enclosedBy":{"name":"profile_controller","type":"library"}},{"name":"recipe_result","qualifiedName":"recipe_result","href":"models_recipe_result/models_recipe_result-library.html","type":"library","overriddenDepth":0,"packageName":"pairings"},{"name":"RecipeResult","qualifiedName":"recipe_result.RecipeResult","href":"models_recipe_result/RecipeResult-class.html","type":"class","overriddenDepth":0,"packageName":"pairings","enclosedBy":{"name":"recipe_result","type":"library"}},{"name":"RecipeResult","qualifiedName":"recipe_result.RecipeResult.RecipeResult","href":"models_recipe_result/RecipeResult/RecipeResult.html","type":"constructor","overriddenDepth":0,"packageName":"pairings","enclosedBy":{"name":"RecipeResult","type":"class"}},{"name":"RecipeResult.fromJson","qualifiedName":"recipe_result.RecipeResult.fromJson","href":"models_recipe_result/RecipeResult/RecipeResult.fromJson.html","type":"constructor","overriddenDepth":0,"packageName":"pairings","enclosedBy":{"name":"RecipeResult","type":"class"}},{"name":"number","qualifiedName":"recipe_result.RecipeResult.number","href":"models_recipe_result/RecipeResult/number.html","type":"property","overriddenDepth":0,"packageName":"pairings","enclosedBy":{"name":"RecipeResult","type":"class"}},{"name":"offset","qualifiedName":"recipe_result.RecipeResult.offset","href":"models_recipe_result/RecipeResult/offset.html","type":"property","overriddenDepth":0,"packageName":"pairings","enclosedBy":{"name":"RecipeResult","type":"class"}},{"name":"results","qualifiedName":"recipe_result.RecipeResult.results","href":"models_recipe_result/RecipeResult/results.html","type":"property","overriddenDepth":0,"packageName":"pairings","enclosedBy":{"name":"RecipeResult","type":"class"}},{"name":"toJson","qualifiedName":"recipe_result.RecipeResult.toJson","href":"models_recipe_result/RecipeResult/toJson.html","type":"method","overriddenDepth":0,"packageName":"pairings","enclosedBy":{"name":"RecipeResult","type":"class"}},{"name":"toString","qualifiedName":"recipe_result.RecipeResult.toString","href":"models_recipe_result/RecipeResult/toString.html","type":"method","overriddenDepth":1,"packageName":"pairings","enclosedBy":{"name":"RecipeResult","type":"class"}},{"name":"totalResults","qualifiedName":"recipe_result.RecipeResult.totalResults","href":"models_recipe_result/RecipeResult/totalResults.html","type":"property","overriddenDepth":0,"packageName":"pairings","enclosedBy":{"name":"RecipeResult","type":"class"}},{"name":"reset_password_controller","qualifiedName":"reset_password_controller","href":"controllers_reset_password_controller/controllers_reset_password_controller-library.html","type":"library","overriddenDepth":0,"packageName":"pairings"},{"name":"resetPasswordController","qualifiedName":"reset_password_controller.resetPasswordController","href":"controllers_reset_password_controller/resetPasswordController.html","type":"function","overriddenDepth":0,"packageName":"pairings","enclosedBy":{"name":"reset_password_controller","type":"library"}},{"name":"saved","qualifiedName":"saved","href":"views_saved/views_saved-library.html","type":"library","overriddenDepth":0,"packageName":"pairings"},{"name":"SavedPage","qualifiedName":"saved.SavedPage","href":"views_saved/SavedPage-class.html","type":"class","overriddenDepth":0,"packageName":"pairings","enclosedBy":{"name":"saved","type":"library"}},{"name":"SavedPage","qualifiedName":"saved.SavedPage.SavedPage","href":"views_saved/SavedPage/SavedPage.html","type":"constructor","overriddenDepth":0,"packageName":"pairings","enclosedBy":{"name":"SavedPage","type":"class"}},{"name":"createState","qualifiedName":"saved.SavedPage.createState","href":"views_saved/SavedPage/createState.html","type":"method","overriddenDepth":1,"packageName":"pairings","enclosedBy":{"name":"SavedPage","type":"class"}},{"name":"search_controller","qualifiedName":"search_controller","href":"controllers_search_controller/controllers_search_controller-library.html","type":"library","overriddenDepth":0,"packageName":"pairings"},{"name":"searchController","qualifiedName":"search_controller.searchController","href":"controllers_search_controller/searchController.html","type":"function","overriddenDepth":0,"packageName":"pairings","enclosedBy":{"name":"search_controller","type":"library"}},{"name":"search_widget","qualifiedName":"search_widget","href":"widgets_search_widget/widgets_search_widget-library.html","type":"library","overriddenDepth":0,"packageName":"pairings"},{"name":"SearchWidget","qualifiedName":"search_widget.SearchWidget","href":"widgets_search_widget/SearchWidget-class.html","type":"class","overriddenDepth":0,"packageName":"pairings","enclosedBy":{"name":"search_widget","type":"library"}},{"name":"SearchWidget","qualifiedName":"search_widget.SearchWidget.SearchWidget","href":"widgets_search_widget/SearchWidget/SearchWidget.html","type":"constructor","overriddenDepth":0,"packageName":"pairings","enclosedBy":{"name":"SearchWidget","type":"class"}},{"name":"createState","qualifiedName":"search_widget.SearchWidget.createState","href":"widgets_search_widget/SearchWidget/createState.html","type":"method","overriddenDepth":1,"packageName":"pairings","enclosedBy":{"name":"SearchWidget","type":"class"}},{"name":"hintText","qualifiedName":"search_widget.SearchWidget.hintText","href":"widgets_search_widget/SearchWidget/hintText.html","type":"property","overriddenDepth":0,"packageName":"pairings","enclosedBy":{"name":"SearchWidget","type":"class"}},{"name":"onChanged","qualifiedName":"search_widget.SearchWidget.onChanged","href":"widgets_search_widget/SearchWidget/onChanged.html","type":"property","overriddenDepth":0,"packageName":"pairings","enclosedBy":{"name":"SearchWidget","type":"class"}},{"name":"text","qualifiedName":"search_widget.SearchWidget.text","href":"widgets_search_widget/SearchWidget/text.html","type":"property","overriddenDepth":0,"packageName":"pairings","enclosedBy":{"name":"SearchWidget","type":"class"}},{"name":"settings","qualifiedName":"settings","href":"views_settings/views_settings-library.html","type":"library","overriddenDepth":0,"packageName":"pairings"},{"name":"SettingsPage","qualifiedName":"settings.SettingsPage","href":"views_settings/SettingsPage-class.html","type":"class","overriddenDepth":0,"packageName":"pairings","enclosedBy":{"name":"settings","type":"library"}},{"name":"SettingsPage","qualifiedName":"settings.SettingsPage.SettingsPage","href":"views_settings/SettingsPage/SettingsPage.html","type":"constructor","overriddenDepth":0,"packageName":"pairings","enclosedBy":{"name":"SettingsPage","type":"class"}},{"name":"createState","qualifiedName":"settings.SettingsPage.createState","href":"views_settings/SettingsPage/createState.html","type":"method","overriddenDepth":1,"packageName":"pairings","enclosedBy":{"name":"SettingsPage","type":"class"}},{"name":"signin","qualifiedName":"signin","href":"views_signin/views_signin-library.html","type":"library","overriddenDepth":0,"packageName":"pairings"},{"name":"SigninScreen","qualifiedName":"signin.SigninScreen","href":"views_signin/SigninScreen-class.html","type":"class","overriddenDepth":0,"packageName":"pairings","enclosedBy":{"name":"signin","type":"library"}},{"name":"SigninScreen","qualifiedName":"signin.SigninScreen.SigninScreen","href":"views_signin/SigninScreen/SigninScreen.html","type":"constructor","overriddenDepth":0,"packageName":"pairings","enclosedBy":{"name":"SigninScreen","type":"class"}},{"name":"createState","qualifiedName":"signin.SigninScreen.createState","href":"views_signin/SigninScreen/createState.html","type":"method","overriddenDepth":1,"packageName":"pairings","enclosedBy":{"name":"SigninScreen","type":"class"}},{"name":"signin_controller","qualifiedName":"signin_controller","href":"controllers_signin_controller/controllers_signin_controller-library.html","type":"library","overriddenDepth":0,"packageName":"pairings"},{"name":"signinController","qualifiedName":"signin_controller.signinController","href":"controllers_signin_controller/signinController.html","type":"function","overriddenDepth":0,"packageName":"pairings","enclosedBy":{"name":"signin_controller","type":"library"}},{"name":"signup","qualifiedName":"signup","href":"views_signup/views_signup-library.html","type":"library","overriddenDepth":0,"packageName":"pairings"},{"name":"SignupScreen","qualifiedName":"signup.SignupScreen","href":"views_signup/SignupScreen-class.html","type":"class","overriddenDepth":0,"packageName":"pairings","enclosedBy":{"name":"signup","type":"library"}},{"name":"SignupScreen","qualifiedName":"signup.SignupScreen.SignupScreen","href":"views_signup/SignupScreen/SignupScreen.html","type":"constructor","overriddenDepth":0,"packageName":"pairings","enclosedBy":{"name":"SignupScreen","type":"class"}},{"name":"createState","qualifiedName":"signup.SignupScreen.createState","href":"views_signup/SignupScreen/createState.html","type":"method","overriddenDepth":1,"packageName":"pairings","enclosedBy":{"name":"SignupScreen","type":"class"}},{"name":"signup_controller","qualifiedName":"signup_controller","href":"controllers_signup_controller/controllers_signup_controller-library.html","type":"library","overriddenDepth":0,"packageName":"pairings"},{"name":"signupController","qualifiedName":"signup_controller.signupController","href":"controllers_signup_controller/signupController.html","type":"function","overriddenDepth":0,"packageName":"pairings","enclosedBy":{"name":"signup_controller","type":"library"}},{"name":"theme","qualifiedName":"theme","href":"config_theme/config_theme-library.html","type":"library","overriddenDepth":0,"packageName":"pairings"},{"name":"PairingThemes","qualifiedName":"theme.PairingThemes","href":"config_theme/PairingThemes-class.html","type":"class","overriddenDepth":0,"packageName":"pairings","enclosedBy":{"name":"theme","type":"library"}},{"name":"PairingThemes","qualifiedName":"theme.PairingThemes.PairingThemes","href":"config_theme/PairingThemes/PairingThemes.html","type":"constructor","overriddenDepth":0,"packageName":"pairings","enclosedBy":{"name":"PairingThemes","type":"class"}},{"name":"darkTheme","qualifiedName":"theme.PairingThemes.darkTheme","href":"config_theme/PairingThemes/darkTheme.html","type":"property","overriddenDepth":0,"packageName":"pairings","enclosedBy":{"name":"PairingThemes","type":"class"}},{"name":"lightTheme","qualifiedName":"theme.PairingThemes.lightTheme","href":"config_theme/PairingThemes/lightTheme.html","type":"property","overriddenDepth":0,"packageName":"pairings","enclosedBy":{"name":"PairingThemes","type":"class"}},{"name":"ThemeProvider","qualifiedName":"theme.ThemeProvider","href":"config_theme/ThemeProvider-class.html","type":"class","overriddenDepth":0,"packageName":"pairings","enclosedBy":{"name":"theme","type":"library"}},{"name":"ThemeProvider","qualifiedName":"theme.ThemeProvider.ThemeProvider","href":"config_theme/ThemeProvider/ThemeProvider.html","type":"constructor","overriddenDepth":0,"packageName":"pairings","enclosedBy":{"name":"ThemeProvider","type":"class"}},{"name":"isDarkMode","qualifiedName":"theme.ThemeProvider.isDarkMode","href":"config_theme/ThemeProvider/isDarkMode.html","type":"property","overriddenDepth":0,"packageName":"pairings","enclosedBy":{"name":"ThemeProvider","type":"class"}},{"name":"themeMode","qualifiedName":"theme.ThemeProvider.themeMode","href":"config_theme/ThemeProvider/themeMode.html","type":"property","overriddenDepth":0,"packageName":"pairings","enclosedBy":{"name":"ThemeProvider","type":"class"}},{"name":"toggleTheme","qualifiedName":"theme.ThemeProvider.toggleTheme","href":"config_theme/ThemeProvider/toggleTheme.html","type":"method","overriddenDepth":0,"packageName":"pairings","enclosedBy":{"name":"ThemeProvider","type":"class"}},{"name":"buildColorTheme","qualifiedName":"theme.buildColorTheme","href":"config_theme/buildColorTheme.html","type":"function","overriddenDepth":0,"packageName":"pairings","enclosedBy":{"name":"theme","type":"library"}},{"name":"buildDarkTheme","qualifiedName":"theme.buildDarkTheme","href":"config_theme/buildDarkTheme.html","type":"function","overriddenDepth":0,"packageName":"pairings","enclosedBy":{"name":"theme","type":"library"}},{"name":"user","qualifiedName":"user","href":"models_user/models_user-library.html","type":"library","overriddenDepth":0,"packageName":"pairings"},{"name":"User","qualifiedName":"user.User","href":"models_user/User-class.html","type":"class","overriddenDepth":0,"packageName":"pairings","enclosedBy":{"name":"user","type":"library"}},{"name":"User","qualifiedName":"user.User.User","href":"models_user/User/User.html","type":"constructor","overriddenDepth":0,"packageName":"pairings","enclosedBy":{"name":"User","type":"class"}},{"name":"birthDate","qualifiedName":"user.User.birthDate","href":"models_user/User/birthDate.html","type":"property","overriddenDepth":0,"packageName":"pairings","enclosedBy":{"name":"User","type":"class"}},{"name":"createdAt","qualifiedName":"user.User.createdAt","href":"models_user/User/createdAt.html","type":"property","overriddenDepth":0,"packageName":"pairings","enclosedBy":{"name":"User","type":"class"}},{"name":"email","qualifiedName":"user.User.email","href":"models_user/User/email.html","type":"property","overriddenDepth":0,"packageName":"pairings","enclosedBy":{"name":"User","type":"class"}},{"name":"firstName","qualifiedName":"user.User.firstName","href":"models_user/User/firstName.html","type":"property","overriddenDepth":0,"packageName":"pairings","enclosedBy":{"name":"User","type":"class"}},{"name":"User.fromJson","qualifiedName":"user.User.fromJson","href":"models_user/User/User.fromJson.html","type":"constructor","overriddenDepth":0,"packageName":"pairings","enclosedBy":{"name":"User","type":"class"}},{"name":"id","qualifiedName":"user.User.id","href":"models_user/User/id.html","type":"property","overriddenDepth":0,"packageName":"pairings","enclosedBy":{"name":"User","type":"class"}},{"name":"lastName","qualifiedName":"user.User.lastName","href":"models_user/User/lastName.html","type":"property","overriddenDepth":0,"packageName":"pairings","enclosedBy":{"name":"User","type":"class"}},{"name":"User.partial","qualifiedName":"user.User.partial","href":"models_user/User/User.partial.html","type":"constructor","overriddenDepth":0,"packageName":"pairings","enclosedBy":{"name":"User","type":"class"}},{"name":"password","qualifiedName":"user.User.password","href":"models_user/User/password.html","type":"property","overriddenDepth":0,"packageName":"pairings","enclosedBy":{"name":"User","type":"class"}},{"name":"phoneNum","qualifiedName":"user.User.phoneNum","href":"models_user/User/phoneNum.html","type":"property","overriddenDepth":0,"packageName":"pairings","enclosedBy":{"name":"User","type":"class"}},{"name":"toJson","qualifiedName":"user.User.toJson","href":"models_user/User/toJson.html","type":"method","overriddenDepth":0,"packageName":"pairings","enclosedBy":{"name":"User","type":"class"}},{"name":"toString","qualifiedName":"user.User.toString","href":"models_user/User/toString.html","type":"method","overriddenDepth":1,"packageName":"pairings","enclosedBy":{"name":"User","type":"class"}},{"name":"updatedAt","qualifiedName":"user.User.updatedAt","href":"models_user/User/updatedAt.html","type":"property","overriddenDepth":0,"packageName":"pairings","enclosedBy":{"name":"User","type":"class"}},{"name":"userToMap","qualifiedName":"user.User.userToMap","href":"models_user/User/userToMap.html","type":"method","overriddenDepth":0,"packageName":"pairings","enclosedBy":{"name":"User","type":"class"}},{"name":"jsonToMap","qualifiedName":"user.jsonToMap","href":"models_user/jsonToMap.html","type":"function","overriddenDepth":0,"packageName":"pairings","enclosedBy":{"name":"user","type":"library"}},{"name":"userFromJson","qualifiedName":"user.userFromJson","href":"models_user/userFromJson.html","type":"function","overriddenDepth":0,"packageName":"pairings","enclosedBy":{"name":"user","type":"library"}},{"name":"userListToMap","qualifiedName":"user.userListToMap","href":"models_user/userListToMap.html","type":"function","overriddenDepth":0,"packageName":"pairings","enclosedBy":{"name":"user","type":"library"}},{"name":"userToJson","qualifiedName":"user.userToJson","href":"models_user/userToJson.html","type":"function","overriddenDepth":0,"packageName":"pairings","enclosedBy":{"name":"user","type":"library"}},{"name":"utilities","qualifiedName":"utilities","href":"models_utilities/models_utilities-library.html","type":"library","overriddenDepth":0,"packageName":"pairings"},{"name":"convertDateTime","qualifiedName":"utilities.convertDateTime","href":"models_utilities/convertDateTime.html","type":"function","overriddenDepth":0,"packageName":"pairings","enclosedBy":{"name":"utilities","type":"library"}},{"name":"reverseDate","qualifiedName":"utilities.reverseDate","href":"models_utilities/reverseDate.html","type":"function","overriddenDepth":0,"packageName":"pairings","enclosedBy":{"name":"utilities","type":"library"}},{"name":"validateEmail","qualifiedName":"utilities.validateEmail","href":"models_utilities/validateEmail.html","type":"function","overriddenDepth":0,"packageName":"pairings","enclosedBy":{"name":"utilities","type":"library"}},{"name":"validateName","qualifiedName":"utilities.validateName","href":"models_utilities/validateName.html","type":"function","overriddenDepth":0,"packageName":"pairings","enclosedBy":{"name":"utilities","type":"library"}},{"name":"validatePhone","qualifiedName":"utilities.validatePhone","href":"models_utilities/validatePhone.html","type":"function","overriddenDepth":0,"packageName":"pairings","enclosedBy":{"name":"utilities","type":"library"}},{"name":"wine","qualifiedName":"wine","href":"models_wine/models_wine-library.html","type":"library","overriddenDepth":0,"packageName":"pairings"},{"name":"Wine","qualifiedName":"wine.Wine","href":"models_wine/Wine-class.html","type":"class","overriddenDepth":0,"packageName":"pairings","enclosedBy":{"name":"wine","type":"library"}},{"name":"Wine","qualifiedName":"wine.Wine.Wine","href":"models_wine/Wine/Wine.html","type":"constructor","overriddenDepth":0,"packageName":"pairings","enclosedBy":{"name":"Wine","type":"class"}},{"name":"averageRating","qualifiedName":"wine.Wine.averageRating","href":"models_wine/Wine/averageRating.html","type":"property","overriddenDepth":0,"packageName":"pairings","enclosedBy":{"name":"Wine","type":"class"}},{"name":"description","qualifiedName":"wine.Wine.description","href":"models_wine/Wine/description.html","type":"property","overriddenDepth":0,"packageName":"pairings","enclosedBy":{"name":"Wine","type":"class"}},{"name":"Wine.fromJson","qualifiedName":"wine.Wine.fromJson","href":"models_wine/Wine/Wine.fromJson.html","type":"constructor","overriddenDepth":0,"packageName":"pairings","enclosedBy":{"name":"Wine","type":"class"}},{"name":"id","qualifiedName":"wine.Wine.id","href":"models_wine/Wine/id.html","type":"property","overriddenDepth":0,"packageName":"pairings","enclosedBy":{"name":"Wine","type":"class"}},{"name":"imageUrl","qualifiedName":"wine.Wine.imageUrl","href":"models_wine/Wine/imageUrl.html","type":"property","overriddenDepth":0,"packageName":"pairings","enclosedBy":{"name":"Wine","type":"class"}},{"name":"link","qualifiedName":"wine.Wine.link","href":"models_wine/Wine/link.html","type":"property","overriddenDepth":0,"packageName":"pairings","enclosedBy":{"name":"Wine","type":"class"}},{"name":"Wine.partial","qualifiedName":"wine.Wine.partial","href":"models_wine/Wine/Wine.partial.html","type":"constructor","overriddenDepth":0,"packageName":"pairings","enclosedBy":{"name":"Wine","type":"class"}},{"name":"price","qualifiedName":"wine.Wine.price","href":"models_wine/Wine/price.html","type":"property","overriddenDepth":0,"packageName":"pairings","enclosedBy":{"name":"Wine","type":"class"}},{"name":"ratingCount","qualifiedName":"wine.Wine.ratingCount","href":"models_wine/Wine/ratingCount.html","type":"property","overriddenDepth":0,"packageName":"pairings","enclosedBy":{"name":"Wine","type":"class"}},{"name":"score","qualifiedName":"wine.Wine.score","href":"models_wine/Wine/score.html","type":"property","overriddenDepth":0,"packageName":"pairings","enclosedBy":{"name":"Wine","type":"class"}},{"name":"title","qualifiedName":"wine.Wine.title","href":"models_wine/Wine/title.html","type":"property","overriddenDepth":0,"packageName":"pairings","enclosedBy":{"name":"Wine","type":"class"}},{"name":"toJson","qualifiedName":"wine.Wine.toJson","href":"models_wine/Wine/toJson.html","type":"method","overriddenDepth":0,"packageName":"pairings","enclosedBy":{"name":"Wine","type":"class"}},{"name":"toString","qualifiedName":"wine.Wine.toString","href":"models_wine/Wine/toString.html","type":"method","overriddenDepth":1,"packageName":"pairings","enclosedBy":{"name":"Wine","type":"class"}},{"name":"wine_api_servies","qualifiedName":"wine_api_servies","href":"services_wine_api_servies/services_wine_api_servies-library.html","type":"library","overriddenDepth":0,"packageName":"pairings"},{"name":"WineApiServices","qualifiedName":"wine_api_servies.WineApiServices","href":"services_wine_api_servies/WineApiServices-class.html","type":"class","overriddenDepth":0,"packageName":"pairings","enclosedBy":{"name":"wine_api_servies","type":"library"}},{"name":"WineApiServices","qualifiedName":"wine_api_servies.WineApiServices.WineApiServices","href":"services_wine_api_servies/WineApiServices/WineApiServices.html","type":"constructor","overriddenDepth":0,"packageName":"pairings","enclosedBy":{"name":"WineApiServices","type":"class"}},{"name":"dio","qualifiedName":"wine_api_servies.WineApiServices.dio","href":"services_wine_api_servies/WineApiServices/dio.html","type":"property","overriddenDepth":0,"packageName":"pairings","enclosedBy":{"name":"WineApiServices","type":"class"}},{"name":"getWinePairing","qualifiedName":"wine_api_servies.WineApiServices.getWinePairing","href":"services_wine_api_servies/WineApiServices/getWinePairing.html","type":"method","overriddenDepth":0,"packageName":"pairings","enclosedBy":{"name":"WineApiServices","type":"class"}},{"name":"getWineRecommendation","qualifiedName":"wine_api_servies.WineApiServices.getWineRecommendation","href":"services_wine_api_servies/WineApiServices/getWineRecommendation.html","type":"method","overriddenDepth":0,"packageName":"pairings","enclosedBy":{"name":"WineApiServices","type":"class"}},{"name":"wine_pairing_controller","qualifiedName":"wine_pairing_controller","href":"controllers_wine_pairing_controller/controllers_wine_pairing_controller-library.html","type":"library","overriddenDepth":0,"packageName":"pairings"},{"name":"pairingController","qualifiedName":"wine_pairing_controller.pairingController","href":"controllers_wine_pairing_controller/pairingController.html","type":"function","overriddenDepth":0,"packageName":"pairings","enclosedBy":{"name":"wine_pairing_controller","type":"library"}},{"name":"wine_pairing_model","qualifiedName":"wine_pairing_model","href":"models_wine_pairing_model/models_wine_pairing_model-library.html","type":"library","overriddenDepth":0,"packageName":"pairings"},{"name":"WinePairingModel","qualifiedName":"wine_pairing_model.WinePairingModel","href":"models_wine_pairing_model/WinePairingModel-class.html","type":"class","overriddenDepth":0,"packageName":"pairings","enclosedBy":{"name":"wine_pairing_model","type":"library"}},{"name":"WinePairingModel","qualifiedName":"wine_pairing_model.WinePairingModel.WinePairingModel","href":"models_wine_pairing_model/WinePairingModel/WinePairingModel.html","type":"constructor","overriddenDepth":0,"packageName":"pairings","enclosedBy":{"name":"WinePairingModel","type":"class"}},{"name":"WinePairingModel.fromJson","qualifiedName":"wine_pairing_model.WinePairingModel.fromJson","href":"models_wine_pairing_model/WinePairingModel/WinePairingModel.fromJson.html","type":"constructor","overriddenDepth":0,"packageName":"pairings","enclosedBy":{"name":"WinePairingModel","type":"class"}},{"name":"pairedWines","qualifiedName":"wine_pairing_model.WinePairingModel.pairedWines","href":"models_wine_pairing_model/WinePairingModel/pairedWines.html","type":"property","overriddenDepth":0,"packageName":"pairings","enclosedBy":{"name":"WinePairingModel","type":"class"}},{"name":"pairingText","qualifiedName":"wine_pairing_model.WinePairingModel.pairingText","href":"models_wine_pairing_model/WinePairingModel/pairingText.html","type":"property","overriddenDepth":0,"packageName":"pairings","enclosedBy":{"name":"WinePairingModel","type":"class"}},{"name":"productMatches","qualifiedName":"wine_pairing_model.WinePairingModel.productMatches","href":"models_wine_pairing_model/WinePairingModel/productMatches.html","type":"property","overriddenDepth":0,"packageName":"pairings","enclosedBy":{"name":"WinePairingModel","type":"class"}},{"name":"toJson","qualifiedName":"wine_pairing_model.WinePairingModel.toJson","href":"models_wine_pairing_model/WinePairingModel/toJson.html","type":"method","overriddenDepth":0,"packageName":"pairings","enclosedBy":{"name":"WinePairingModel","type":"class"}},{"name":"toString","qualifiedName":"wine_pairing_model.WinePairingModel.toString","href":"models_wine_pairing_model/WinePairingModel/toString.html","type":"method","overriddenDepth":1,"packageName":"pairings","enclosedBy":{"name":"WinePairingModel","type":"class"}},{"name":"winePairingModelFromJson","qualifiedName":"wine_pairing_model.winePairingModelFromJson","href":"models_wine_pairing_model/winePairingModelFromJson.html","type":"function","overriddenDepth":0,"packageName":"pairings","enclosedBy":{"name":"wine_pairing_model","type":"library"}},{"name":"winePairingModelToJson","qualifiedName":"wine_pairing_model.winePairingModelToJson","href":"models_wine_pairing_model/winePairingModelToJson.html","type":"function","overriddenDepth":0,"packageName":"pairings","enclosedBy":{"name":"wine_pairing_model","type":"library"}},{"name":"wine_recommendation_controller","qualifiedName":"wine_recommendation_controller","href":"controllers_wine_recommendation_controller/controllers_wine_recommendation_controller-library.html","type":"library","overriddenDepth":0,"packageName":"pairings"},{"name":"recommendationController","qualifiedName":"wine_recommendation_controller.recommendationController","href":"controllers_wine_recommendation_controller/recommendationController.html","type":"function","overriddenDepth":0,"packageName":"pairings","enclosedBy":{"name":"wine_recommendation_controller","type":"library"}},{"name":"wine_recommendation_model","qualifiedName":"wine_recommendation_model","href":"models_wine_recommendation_model/models_wine_recommendation_model-library.html","type":"library","overriddenDepth":0,"packageName":"pairings"},{"name":"WineRecommendationModel","qualifiedName":"wine_recommendation_model.WineRecommendationModel","href":"models_wine_recommendation_model/WineRecommendationModel-class.html","type":"class","overriddenDepth":0,"packageName":"pairings","enclosedBy":{"name":"wine_recommendation_model","type":"library"}},{"name":"WineRecommendationModel","qualifiedName":"wine_recommendation_model.WineRecommendationModel.WineRecommendationModel","href":"models_wine_recommendation_model/WineRecommendationModel/WineRecommendationModel.html","type":"constructor","overriddenDepth":0,"packageName":"pairings","enclosedBy":{"name":"WineRecommendationModel","type":"class"}},{"name":"WineRecommendationModel.fromJson","qualifiedName":"wine_recommendation_model.WineRecommendationModel.fromJson","href":"models_wine_recommendation_model/WineRecommendationModel/WineRecommendationModel.fromJson.html","type":"constructor","overriddenDepth":0,"packageName":"pairings","enclosedBy":{"name":"WineRecommendationModel","type":"class"}},{"name":"recommendedWines","qualifiedName":"wine_recommendation_model.WineRecommendationModel.recommendedWines","href":"models_wine_recommendation_model/WineRecommendationModel/recommendedWines.html","type":"property","overriddenDepth":0,"packageName":"pairings","enclosedBy":{"name":"WineRecommendationModel","type":"class"}},{"name":"toJson","qualifiedName":"wine_recommendation_model.WineRecommendationModel.toJson","href":"models_wine_recommendation_model/WineRecommendationModel/toJson.html","type":"method","overriddenDepth":0,"packageName":"pairings","enclosedBy":{"name":"WineRecommendationModel","type":"class"}},{"name":"toString","qualifiedName":"wine_recommendation_model.WineRecommendationModel.toString","href":"models_wine_recommendation_model/WineRecommendationModel/toString.html","type":"method","overriddenDepth":1,"packageName":"pairings","enclosedBy":{"name":"WineRecommendationModel","type":"class"}},{"name":"totalFound","qualifiedName":"wine_recommendation_model.WineRecommendationModel.totalFound","href":"models_wine_recommendation_model/WineRecommendationModel/totalFound.html","type":"property","overriddenDepth":0,"packageName":"pairings","enclosedBy":{"name":"WineRecommendationModel","type":"class"}}]
